{"search":"","showTags":false,"showAttachments":false,"hideUnresolved":false,"showOrphans":false,"showArrow":true,"textFadeMultiplier":0,"nodeSizeMultiplier":1.80674157303371,"lineSizeMultiplier":3.24102564102564,"centerStrength":0.64957264957265,"repelStrength":10.2564102564103,"linkStrength":0.435897435897436,"linkDistance":142,"scale":0.7384930490343279}